id,cqc_location_id,location_ods_code,name,name_normalized,provider_name,provider_id,brand_name,telephone,email,website,city,county,postcode,latitude,longitude,region,local_authority,beds_total,beds_available,has_availability,availability_status,availability_last_checked,year_opened,year_registered,care_residential,care_nursing,care_dementia,care_respite,has_nursing_care_license,has_personal_care_license,has_surgical_procedures_license,has_treatment_license,has_diagnostic_license,serves_older_people,serves_younger_adults,serves_mental_health,serves_physical_disabilities,serves_sensory_impairments,serves_dementia_band,serves_children,serves_learning_disabilities,serves_detained_mha,serves_substance_misuse,serves_eating_disorders,serves_whole_population,fee_residential_from,fee_nursing_from,fee_dementia_from,fee_respite_from,accepts_self_funding,accepts_local_authority,accepts_nhs_chc,accepts_third_party_topup,cqc_rating_overall,cqc_rating_safe,cqc_rating_effective,cqc_rating_caring,cqc_rating_responsive,cqc_rating_well_led,cqc_last_inspection_date,cqc_publication_date,cqc_latest_report_url,review_average_score,review_count,google_rating,wheelchair_access,ensuite_rooms,secure_garden,wifi_available,parking_onsite,is_dormant,data_quality_score,created_at,updated_at,last_scraped_at,regulated_activities,source_urls,service_types,service_user_bands,facilities,medical_specialisms,dietary_options,activities,pricing_details,staff_information,reviews_detailed,media,location_context,building_info,accreditations,source_metadata,extra,provider_telephone_number,provider_hsca_start_date
1,1-10016894058,VNH55,Respite Breaks - Epwell rd.,respite breaks - epwell rd.,Respite Breaks Limited,1-9617071823,BRAND Achieve Together,1212740588,,,Birmingham,,B44 8DD,52.5333980,,West Midlands,Birmingham,2,,false,,,,2020,true,false,false,,false,false,false,false,false,false,true,false,false,true,false,false,,false,false,false,false,,,,,true,true,true,true,Good,Good,Good,Good,Good,Good,2022-04-26,,http://www.cqc.org.uk/location/1-10016894058,,,,false,false,false,false,false,false,50,2025-11-03 10:06:34.364688+00,2025-11-03 11:59:49.054318+00,,"{""activities"":[]}","{""lottie_url"":""https://lottie.org/care-home/england/1-10016894058/respite-breaks---epwell-rd/"",""cqc_profile"":""https://www.cqc.org.uk/location/1-10016894058"",""carehome_url"":null}","{""services"":[""Care home service without nursing""]}","{""bands"":[""Sensory impairment"",""Younger adults""]}",{},{},{},{},{},"{""main_partner"":""*"",""registered_manager"":""Ricketts, Leonie"",""nominated_individual"":""Simpson, Nicholas""}",{},{},"{""paf_id"":null,""uprn_id"":""1.0007E+11"",""ccg_code"":""E38000220"",""ccg_name"":""NHS Birmingham and Solihull CCG"",""nhs_region"":""Midlands"",""commissioning_ccg_code"":null,""commissioning_ccg_name"":null,""parliamentary_constituency"":""Birmingham Erdington""}","{""provider_city"":""Birmingham"",""address_line_2"":null,""street_address"":""8 Epwell Road"",""provider_county"":null,""provider_postcode"":""B44 8DD"",""provider_address_line_2"":null,""provider_street_address"":""8 Epwell Road""}",{},"{""inherited_rating"":false,""location_type_sector"":""Social Care Org"",""provider_type_sector"":""Social Care Org"",""inspection_directorate"":""Adult social care"",""provider_charity_number"":null,""provider_ownership_type"":""Organisation"",""primary_inspection_category"":""Residential social care"",""provider_companies_house_number"":""3885446"",""provider_inspection_directorate"":""Adult social care"",""provider_primary_inspection_category"":""Residential social care""}",{},1212740588,2020-12-14
2,1-1004508435,VM4G9,Meadow Rose Nursing Home,meadow rose,MACC Care Limited,1-101641521,BRAND MACC Care,1214769808,,www.macccare.com,Birmingham,West Midlands,B31 2TX,52.3998430,-1.9892410,West Midlands,Birmingham,56,,false,,,,2013,false,true,true,,false,false,false,true,false,true,true,false,true,false,true,false,,false,false,false,false,,,,,true,true,true,true,Requires Improvement,Requires Improvement,Requires Improvement,Good,Good,Requires Improvement,2020-10-01,,http://www.cqc.org.uk/location/1-1004508435,,,,false,false,false,false,false,false,100,2025-11-03 10:06:34.364688+00,2025-11-03 10:06:34.364688+00,,"{""activities"":[""treatment_disease""]}","{""lottie_url"":""https://lottie.org/care-home/england/1-1004508435/meadow-rose-nursing-home/"",""cqc_profile"":""https://www.cqc.org.uk/location/1-1004508435"",""carehome_url"":""https://www.carehome.co.uk/carehome.cfm/searchazref/65432203358""}","{""services"":[""Care home service with nursing""]}","{""bands"":[""Dementia"",""Older people"",""Physical disability"",""Younger adults""]}",{},{},{},{},{},"{""main_partner"":""*"",""registered_manager"":""Kazembe, Steven"",""nominated_individual"":""Wilson, Michael""}",{},{},"{""paf_id"":""37622646"",""uprn_id"":""1.00071E+11"",""ccg_code"":""E38000220"",""ccg_name"":""NHS Birmingham and Solihull CCG"",""nhs_region"":""Midlands"",""commissioning_ccg_code"":null,""commissioning_ccg_name"":null,""parliamentary_constituency"":""Birmingham Northfield""}","{""provider_city"":""Birmingham"",""address_line_2"":null,""street_address"":""96 The Roundabout"",""provider_county"":null,""provider_postcode"":""B15 1RP"",""provider_address_line_2"":""Edgbaston"",""provider_street_address"":""23 Calthorpe Road""}",{},"{""inherited_rating"":false,""location_type_sector"":""Social Care Org"",""provider_type_sector"":""Social Care Org"",""inspection_directorate"":""Adult social care"",""provider_charity_number"":null,""provider_ownership_type"":""Organisation"",""primary_inspection_category"":""Residential social care"",""provider_companies_house_number"":""5094075"",""provider_inspection_directorate"":""Adult social care"",""provider_primary_inspection_category"":""Residential social care""}",{},1212710800,2010-10-01
3,1-10646798947,VNJCX,Petersfield Care Home,petersfield,Inspiring Care Ltd,1-10605318825,-,1215151654,,,Birmingham,,B20 3RP,52.5080240,-1.9129550,West Midlands,Birmingham,5,,false,,,,2021,true,false,false,,false,false,false,false,false,true,true,false,false,false,false,false,,false,false,false,false,,,,,true,true,true,true,Good,Good,Good,Good,Good,Good,2023-01-20,,http://www.cqc.org.uk/location/1-10646798947,,,,false,false,false,false,false,false,100,2025-11-03 10:06:34.364688+00,2025-11-03 10:06:34.364688+00,,"{""activities"":[]}","{""lottie_url"":""https://lottie.org/care-home/england/1-10646798947/petersfield-care-home/"",""cqc_profile"":""https://www.cqc.org.uk/location/1-10646798947"",""carehome_url"":""https://www.carehome.co.uk/carehome.cfm/searchazref/10002501PETB""}","{""services"":[""Care home service without nursing""]}","{""bands"":[""Older people"",""Younger adults""]}",{},{},{},{},{},"{""main_partner"":""*"",""registered_manager"":""Reeves, Dawn"",""nominated_individual"":""Brown, Diane""}",{},{},"{""paf_id"":null,""uprn_id"":""1.00071E+11"",""ccg_code"":""E38000250"",""ccg_name"":""NHS Black Country and West Birmingham CCG"",""nhs_region"":""Midlands"",""commissioning_ccg_code"":null,""commissioning_ccg_name"":null,""parliamentary_constituency"":""Birmingham Perry Barr""}","{""provider_city"":""Birmingham"",""address_line_2"":""Handsworth"",""street_address"":""60 St. Peters Road"",""provider_county"":null,""provider_postcode"":""B20 3RP"",""provider_address_line_2"":""Handsworth"",""provider_street_address"":""60 St. Peters Road""}",{},"{""inherited_rating"":false,""location_type_sector"":""Social Care Org"",""provider_type_sector"":""Social Care Org"",""inspection_directorate"":""Adult social care"",""provider_charity_number"":null,""provider_ownership_type"":""Organisation"",""primary_inspection_category"":""Residential social care"",""provider_companies_house_number"":""11785657"",""provider_inspection_directorate"":""Adult social care"",""provider_primary_inspection_category"":""Residential social care""}",{},1215151654,2021-05-20
4,1-109100588,VLM9A,Beech Hill Grange,beech hill grange,Beech Hill Grange Limited,1-101620317,-,1213730200,,www.beechhillgrange.co.uk,Sutton Coldfield,West Midlands,B72 1DU,52.5396480,-1.8220840,West Midlands,Birmingham,74,,false,,,,2010,false,true,true,,false,false,false,true,true,true,true,false,true,false,true,false,,false,false,false,false,,,,,true,true,true,true,Requires Improvement,Requires Improvement,Requires Improvement,Good,Good,Requires Improvement,2024-09-13,,http://www.cqc.org.uk/location/1-109100588,,,,false,false,false,false,false,false,100,2025-11-03 10:06:34.364688+00,2025-11-03 10:06:34.364688+00,,"{""activities"":[""diagnostic_screening"",""treatment_disease""]}","{""lottie_url"":""https://lottie.org/care-home/england/1-109100588/beech-hill-grange/"",""cqc_profile"":""https://www.cqc.org.uk/location/1-109100588"",""carehome_url"":""https://www.carehome.co.uk/carehome.cfm/searchazref/20002501BEEZ""}","{""services"":[""Care home service with nursing""]}","{""bands"":[""Dementia"",""Older people"",""Physical disability"",""Younger adults""]}",{},{},{},{},{},"{""main_partner"":""*"",""registered_manager"":""Nixon, Sonia"",""nominated_individual"":""Humpherston, Christian""}",{},{},"{""paf_id"":null,""uprn_id"":""1.00071E+11"",""ccg_code"":""E38000220"",""ccg_name"":""NHS Birmingham and Solihull CCG"",""nhs_region"":""Midlands"",""commissioning_ccg_code"":null,""commissioning_ccg_name"":null,""parliamentary_constituency"":""Sutton Coldfield""}","{""provider_city"":""Sutton Coldfield"",""address_line_2"":""Wylde Green"",""street_address"":""1 Beech Hill Road"",""provider_county"":""West Midlands"",""provider_postcode"":""B72 1DU"",""provider_address_line_2"":""Wylde Green"",""provider_street_address"":""1 Beech Hill Road""}",{},"{""inherited_rating"":false,""location_type_sector"":""Social Care Org"",""provider_type_sector"":""Social Care Org"",""inspection_directorate"":""Adult social care"",""provider_charity_number"":null,""provider_ownership_type"":""Organisation"",""primary_inspection_category"":""Residential social care"",""provider_companies_house_number"":""4342419"",""provider_inspection_directorate"":""Adult social care"",""provider_primary_inspection_category"":""Residential social care""}",{},1213730200,2010-10-01
5,1-109925813,VL951,Sycamore House,sycamore house,Marblefield Limited,1-101680633,-,1217074622,,,Birmingham,West Midlands,B11 3RG,52.4526890,-1.8487590,West Midlands,Birmingham,28,,false,,,,2010,true,false,false,,false,false,false,false,false,false,false,true,false,false,false,false,,false,false,false,false,,,,,true,true,true,true,Good,Good,Good,Good,Good,Good,2019-04-05,,http://www.cqc.org.uk/location/1-109925813,,,,false,false,false,false,false,false,100,2025-11-03 10:06:34.364688+00,2025-11-03 10:06:34.364688+00,,"{""activities"":[]}","{""lottie_url"":""https://lottie.org/care-home/england/1-109925813/sycamore-house/"",""cqc_profile"":""https://www.cqc.org.uk/location/1-109925813"",""carehome_url"":""https://www.carehome.co.uk/carehome.cfm/searchazref/10002501SYCA""}","{""services"":[""Care home service without nursing""]}","{""bands"":[""Mental health""]}",{},{},{},{},{},"{""main_partner"":""*"",""registered_manager"":""Hu, Xiaonan"",""nominated_individual"":""Noorbaccus, Abdool""}",{},{},"{""paf_id"":null,""uprn_id"":""1.0007E+11"",""ccg_code"":""E38000220"",""ccg_name"":""NHS Birmingham and Solihull CCG"",""nhs_region"":""Midlands"",""commissioning_ccg_code"":null,""commissioning_ccg_name"":null,""parliamentary_constituency"":""Birmingham Hall Green and Moseley""}","{""provider_city"":""Birmingham"",""address_line_2"":""Tyseley"",""street_address"":""2a-2b Havelock Road"",""provider_county"":""West Midlands"",""provider_postcode"":""B11 3RG"",""provider_address_line_2"":""Tyseley"",""provider_street_address"":""Sycamore House, 2A-2B Havelock Road""}",{},"{""inherited_rating"":false,""location_type_sector"":""Social Care Org"",""provider_type_sector"":""Social Care Org"",""inspection_directorate"":""Adult social care"",""provider_charity_number"":null,""provider_ownership_type"":""Organisation"",""primary_inspection_category"":""Residential social care"",""provider_companies_house_number"":""1897956"",""provider_inspection_directorate"":""Adult social care"",""provider_primary_inspection_category"":""Residential social care""}",{},1217074622,2010-10-01
6,1-110294199,VLM9E,Bryony House,bryony house,Bryony House Limited,1-101610676,-,1214752965,,,Birmingham,West Midlands,B29 4BX,52.4308790,-1.9581860,West Midlands,Birmingham,35,,false,,,,2010,true,false,false,,false,false,false,false,false,true,false,false,false,false,false,false,,false,false,false,false,,,,,true,true,true,true,Inadequate,Inadequate,Requires Improvement,Requires Improvement,Requires Improvement,Inadequate,2025-08-01,,http://www.cqc.org.uk/location/1-110294199,,,,false,false,false,false,false,false,100,2025-11-03 10:06:34.364688+00,2025-11-03 10:06:34.364688+00,,"{""activities"":[]}","{""lottie_url"":""https://lottie.org/care-home/england/1-110294199/bryony-house/"",""cqc_profile"":""https://www.cqc.org.uk/location/1-110294199"",""carehome_url"":""https://www.carehome.co.uk/carehome.cfm/searchazref/10002501BRYA""}","{""services"":[""Care home service without nursing""]}","{""bands"":[""Older people""]}",{},{},{},{},{},"{""main_partner"":""*"",""registered_manager"":""Whittaker, Lorraine"",""nominated_individual"":""Shrimpton, Alan""}",{},{},"{""paf_id"":null,""uprn_id"":""1.00071E+11"",""ccg_code"":""E38000220"",""ccg_name"":""NHS Birmingham and Solihull CCG"",""nhs_region"":""Midlands"",""commissioning_ccg_code"":null,""commissioning_ccg_name"":null,""parliamentary_constituency"":""Birmingham Northfield""}","{""provider_city"":""Birmingham"",""address_line_2"":null,""street_address"":""30 Bryony Road"",""provider_county"":""West Midlands"",""provider_postcode"":""B29 4BX"",""provider_address_line_2"":""30 Bryony Road"",""provider_street_address"":""Bryony House""}",{},"{""inherited_rating"":false,""location_type_sector"":""Social Care Org"",""provider_type_sector"":""Social Care Org"",""inspection_directorate"":""Adult social care"",""provider_charity_number"":""222915"",""provider_ownership_type"":""Organisation"",""primary_inspection_category"":""Residential social care"",""provider_companies_house_number"":""551609"",""provider_inspection_directorate"":""Adult social care"",""provider_primary_inspection_category"":""Residential social care""}",{},1214752965,2010-10-01
7,1-11058464513,VNJN6,Sutton Park Grange,sutton park grange,Sutton Coldfield Care Limited,1-10839455095,BRAND Cinnamon Care Collection,1212691235,,,Sutton Coldfield,,B72 1LY,52.5519450,-1.8272260,West Midlands,Birmingham,64,,false,,,,2021,true,false,true,,false,false,false,false,false,true,true,false,true,true,true,false,,false,false,false,false,,,,,true,true,true,true,Good,Good,Good,Good,Good,Good,2023-08-05,,http://www.cqc.org.uk/location/1-11058464513,,,,false,false,false,false,false,false,100,2025-11-03 10:06:34.364688+00,2025-11-03 10:06:34.364688+00,,"{""activities"":[]}","{""lottie_url"":""https://lottie.org/care-home/england/1-11058464513/sutton-park-grange/"",""cqc_profile"":""https://www.cqc.org.uk/location/1-11058464513"",""carehome_url"":""https://www.carehome.co.uk/carehome.cfm/searchazref/65432239325""}","{""services"":[""Care home service without nursing""]}","{""bands"":[""Dementia"",""Older people"",""Physical disability"",""Sensory impairment"",""Younger adults""]}",{},{},{},{},{},"{""main_partner"":""*"",""registered_manager"":""Edmonds, Susan"",""nominated_individual"":""Hunt, Carole""}",{},{},"{""paf_id"":null,""uprn_id"":""10094975724"",""ccg_code"":""E38000220"",""ccg_name"":""NHS Birmingham and Solihull CCG"",""nhs_region"":""Midlands"",""commissioning_ccg_code"":null,""commissioning_ccg_name"":null,""parliamentary_constituency"":""Sutton Coldfield""}","{""provider_city"":""Egham"",""address_line_2"":null,""street_address"":""136 Birmingham Road"",""provider_county"":null,""provider_postcode"":""TW20 9AD"",""provider_address_line_2"":""64 The Avenue"",""provider_street_address"":""The Old House""}",{},"{""inherited_rating"":false,""location_type_sector"":""Social Care Org"",""provider_type_sector"":""Social Care Org"",""inspection_directorate"":""Adult social care"",""provider_charity_number"":null,""provider_ownership_type"":""Organisation"",""primary_inspection_category"":""Residential social care"",""provider_companies_house_number"":""11206864"",""provider_inspection_directorate"":""Adult social care"",""provider_primary_inspection_category"":""Residential social care""}",{},1784220066,2021-06-11
8,1-111397200,VLMAN,Orchard House Nursing Home,orchard house,Orchard House (Midlands) Limited,1-101616595,-,1213780272,,www.orchardhousenursinghome.co.uk,Sutton Coldfield,West Midlands,B75 6DS,52.5721860,-1.8021370,West Midlands,Birmingham,31,,false,,,,2011,false,true,false,,false,false,false,true,true,true,false,false,false,false,false,false,,false,false,false,false,,,,,true,true,true,true,Good,Good,Good,Good,Good,Good,2019-05-21,,http://www.cqc.org.uk/location/1-111397200,,,,false,false,false,false,false,false,100,2025-11-03 10:06:34.364688+00,2025-11-03 10:06:34.364688+00,,"{""activities"":[""diagnostic_screening"",""treatment_disease""]}","{""lottie_url"":""https://lottie.org/care-home/england/1-111397200/orchard-house-nursing-home/"",""cqc_profile"":""https://www.cqc.org.uk/location/1-111397200"",""carehome_url"":""https://www.carehome.co.uk/carehome.cfm/searchazref/20002501ORCA""}","{""services"":[""Care home service with nursing""]}","{""bands"":[""Older people""]}",{},{},{},{},{},"{""main_partner"":""*"",""registered_manager"":""Varughese, Sheela"",""nominated_individual"":""Shanmugarajah, Harikaran""}",{},{},"{""paf_id"":null,""uprn_id"":""1.00071E+11"",""ccg_code"":""E38000220"",""ccg_name"":""NHS Birmingham and Solihull CCG"",""nhs_region"":""Midlands"",""commissioning_ccg_code"":null,""commissioning_ccg_name"":null,""parliamentary_constituency"":""Sutton Coldfield""}","{""provider_city"":""Sutton Coldfield"",""address_line_2"":null,""street_address"":""126 Whitehouse Common Road"",""provider_county"":""West Midlands"",""provider_postcode"":""B75 6DS"",""provider_address_line_2"":null,""provider_street_address"":""126 Whitehouse Common Road""}",{},"{""inherited_rating"":false,""location_type_sector"":""Social Care Org"",""provider_type_sector"":""Social Care Org"",""inspection_directorate"":""Adult social care"",""provider_charity_number"":null,""provider_ownership_type"":""Organisation"",""primary_inspection_category"":""Residential social care"",""provider_companies_house_number"":""2047159"",""provider_inspection_directorate"":""Adult social care"",""provider_primary_inspection_category"":""Residential social care""}",{},1213780272,2010-10-01
9,1-11242868692,VNJWW,Blackmoor,blackmoor,Blackmoor Croft Health Care Limited,1-10854506010,BRAND Exemplar Health Care Limited,1218243200,,www.exemplarhc.com,Birmingham,,B33 0PE,52.4775680,-1.7674020,West Midlands,Birmingham,30,,false,,,,2021,false,true,true,,false,false,false,true,false,true,true,true,true,false,true,false,,false,false,false,false,,,,,true,true,true,true,Requires Improvement,Requires Improvement,Good,Good,Requires Improvement,Requires Improvement,2023-01-12,,http://www.cqc.org.uk/location/1-11242868692,,,,false,false,false,false,false,false,100,2025-11-03 10:06:34.364688+00,2025-11-03 10:06:34.364688+00,,"{""activities"":[""treatment_disease""]}","{""lottie_url"":""https://lottie.org/care-home/england/1-11242868692/blackmoor/"",""cqc_profile"":""https://www.cqc.org.uk/location/1-11242868692"",""carehome_url"":""https://www.carehome.co.uk/carehome.cfm/searchazref/65432243456""}","{""services"":[""Care home service with nursing""]}","{""bands"":[""Dementia"",""Mental health"",""Older people"",""Physical disability"",""Younger adults""]}",{},{},{},{},{},"{""main_partner"":""*"",""registered_manager"":""Breen, Arron"",""nominated_individual"":""Wall, Selina""}",{},{},"{""paf_id"":null,""uprn_id"":""1.0007E+11"",""ccg_code"":""E38000220"",""ccg_name"":""NHS Birmingham and Solihull CCG"",""nhs_region"":""Midlands"",""commissioning_ccg_code"":null,""commissioning_ccg_name"":null,""parliamentary_constituency"":""Birmingham Hodge Hill and Solihull North""}","{""provider_city"":""Sheffield"",""address_line_2"":null,""street_address"":""21 Blackmoor Croft"",""provider_county"":null,""provider_postcode"":""S9 1XH"",""provider_address_line_2"":null,""provider_street_address"":""17 Europa View""}",{},"{""inherited_rating"":false,""location_type_sector"":""Social Care Org"",""provider_type_sector"":""Social Care Org"",""inspection_directorate"":""Adult social care"",""provider_charity_number"":null,""provider_ownership_type"":""Organisation"",""primary_inspection_category"":""Residential social care"",""provider_companies_house_number"":""12177694"",""provider_inspection_directorate"":""Adult social care"",""provider_primary_inspection_category"":""Residential social care""}",{},1709565700,2021-07-26
10,1-112440307,VLRVG,Arden Lodge Residential Care Home for Elder Adults,arden lodge residential care home for elder adults,Lindale Homes Limited,1-101620407,-,1217067958,,www.lindale-homes.co.uk,Birmingham,West Midlands,B27 6QG,52.4505930,-1.8300150,West Midlands,Birmingham,47,,false,,,,2011,true,false,true,,false,false,false,false,false,true,true,true,false,false,true,true,,false,false,false,false,,,,,true,true,true,true,Good,Good,Good,Good,Outstanding,Good,2019-04-18,,http://www.cqc.org.uk/location/1-112440307,,,,false,false,false,false,false,false,100,2025-11-03 10:06:34.364688+00,2025-11-03 10:06:34.364688+00,,"{""activities"":[]}","{""lottie_url"":""https://lottie.org/care-home/england/1-112440307/arden-lodge-residential-care-home-for-elder-adults/"",""cqc_profile"":""https://www.cqc.org.uk/location/1-112440307"",""carehome_url"":null}","{""services"":[""Care home service without nursing""]}","{""bands"":[""Children (0-18 years)"",""Dementia"",""Mental health"",""Older people"",""Younger adults""]}",{},{},{},{},{},"{""main_partner"":""*"",""registered_manager"":""Keegan, Alex"",""nominated_individual"":""Baillie, Lee""}",{},{},"{""paf_id"":null,""uprn_id"":""1.00071E+11"",""ccg_code"":""E38000220"",""ccg_name"":""NHS Birmingham and Solihull CCG"",""nhs_region"":""Midlands"",""commissioning_ccg_code"":null,""commissioning_ccg_name"":null,""parliamentary_constituency"":""Birmingham Yardley""}","{""provider_city"":""Birmingham"",""address_line_2"":""Acocks Green"",""street_address"":""946 Warwick Road"",""provider_county"":""West Midlands"",""provider_postcode"":""B27 6QG"",""provider_address_line_2"":""946 Warwick Road, Acocks Green"",""provider_street_address"":""Arden Lodge Residential Home""}",{},"{""inherited_rating"":false,""location_type_sector"":""Social Care Org"",""provider_type_sector"":""Social Care Org"",""inspection_directorate"":""Adult social care"",""provider_charity_number"":null,""provider_ownership_type"":""Organisation"",""primary_inspection_category"":""Residential social care"",""provider_companies_house_number"":""3972992"",""provider_inspection_directorate"":""Adult social care"",""provider_primary_inspection_category"":""Residential social care""}",{},1212440935,2010-10-01
11,1-112476088,VL8X4,Chesterberry,chesterberry,Birmingham Institute for the Deaf,1-101610721,-,1213862290,,www.bid.org.uk,Birmingham,West Midlands,B24 0EA,52.5319780,-1.8268620,West Midlands,Birmingham,7,,false,,,,2010,true,false,false,,false,false,false,false,false,false,false,false,false,true,false,false,,false,false,false,false,,,,,true,true,true,true,Good,Good,Good,Good,Good,Good,2019-02-01,,http://www.cqc.org.uk/location/1-112476088,,,,false,false,false,false,false,false,100,2025-11-03 10:06:34.364688+00,2025-11-03 10:06:34.364688+00,,"{""activities"":[]}","{""lottie_url"":""https://lottie.org/care-home/england/1-112476088/chesterberry/"",""cqc_profile"":""https://www.cqc.org.uk/location/1-112476088"",""carehome_url"":""https://www.carehome.co.uk/carehome.cfm/searchazref/10002501CHEE""}","{""services"":[""Care home service without nursing""]}","{""bands"":[""Sensory impairment""]}",{},{},{},{},{},"{""main_partner"":""*"",""registered_manager"":""Jackson, Michael"",""nominated_individual"":""Penberthy, Gail""}",{},{},"{""paf_id"":null,""uprn_id"":""1.0007E+11"",""ccg_code"":""E38000220"",""ccg_name"":""NHS Birmingham and Solihull CCG"",""nhs_region"":""Midlands"",""commissioning_ccg_code"":null,""commissioning_ccg_name"":null,""parliamentary_constituency"":""Birmingham Erdington""}","{""provider_city"":""Birmingham"",""address_line_2"":""Erdington"",""street_address"":""766 Chester Road"",""provider_county"":""West Midlands"",""provider_postcode"":""B24 0EA"",""provider_address_line_2"":""Erdington"",""provider_street_address"":""766 Chester Road""}",{},"{""inherited_rating"":false,""location_type_sector"":""Social Care Org"",""provider_type_sector"":""Social Care Org"",""inspection_directorate"":""Adult social care"",""provider_charity_number"":""1053184"",""provider_ownership_type"":""Organisation"",""primary_inspection_category"":""Residential social care"",""provider_companies_house_number"":null,""provider_inspection_directorate"":""Adult social care"",""provider_primary_inspection_category"":""Residential social care""}",{},1213862290,2010-10-01
12,1-112566759,VLM9C,Berwood Court Care Home,berwood court,Dukeries Healthcare Limited,1-101664976,-,1217497887,,www.dukerieshealthcare.co.uk,Birmingham,West Midlands,B35 7EW,52.5140990,-1.7893860,West Midlands,Birmingham,74,,false,,,,2011,true,true,true,,false,false,false,true,true,true,false,false,true,false,true,false,,false,false,false,false,,,,,true,true,true,true,Good,Good,Good,Good,Good,Good,2021-10-20,,http://www.cqc.org.uk/location/1-112566759,,,,false,false,false,false,false,false,100,2025-11-03 10:06:34.364688+00,2025-11-03 10:06:34.364688+00,,"{""activities"":[""diagnostic_screening"",""treatment_disease""]}","{""lottie_url"":""https://lottie.org/care-home/england/1-112566759/berwood-court-care-home/"",""cqc_profile"":""https://www.cqc.org.uk/location/1-112566759"",""carehome_url"":""https://www.carehome.co.uk/carehome.cfm/searchazref/20002501BERA""}","{""services"":[""Care home service with nursing"",""Care home service without nursing""]}","{""bands"":[""Dementia"",""Older people"",""Physical disability""]}",{},{},{},{},{},"{""main_partner"":""*"",""registered_manager"":""*"",""nominated_individual"":""Bracher, Rose""}",{},{},"{""paf_id"":null,""uprn_id"":""2.00003E+11"",""ccg_code"":""E38000220"",""ccg_name"":""NHS Birmingham and Solihull CCG"",""nhs_region"":""Midlands"",""commissioning_ccg_code"":null,""commissioning_ccg_name"":null,""parliamentary_constituency"":""Birmingham Erdington""}","{""provider_city"":""Retford"",""address_line_2"":""Castle Vale"",""street_address"":""Berwood Park, off Cadbury Lane"",""provider_county"":""Nottinghamshire"",""provider_postcode"":""DN22 8QS"",""provider_address_line_2"":""Barnby Moor"",""provider_street_address"":""Ye Olde Bell Hotel""}",{},"{""inherited_rating"":false,""location_type_sector"":""Social Care Org"",""provider_type_sector"":""Social Care Org"",""inspection_directorate"":""Adult social care"",""provider_charity_number"":null,""provider_ownership_type"":""Organisation"",""primary_inspection_category"":""Residential social care"",""provider_companies_house_number"":""3445393"",""provider_inspection_directorate"":""Adult social care"",""provider_primary_inspection_category"":""Residential social care""}",{},1777711916,2010-10-01
13,1-112566829,VLMAW,The Ridings Care Home,ridings,Dukeries Healthcare Limited,1-101664976,-,1217488770,,www.dukerieshealthcare.co.uk,Birmingham,West Midlands,B35 7NR,52.5202460,-1.7783180,West Midlands,Birmingham,83,,false,,,,2011,true,true,true,,false,false,false,true,true,true,true,false,false,false,true,false,,false,false,false,false,,,,,true,true,true,true,Good,Good,Good,Good,Good,Good,2025-08-14,,http://www.cqc.org.uk/location/1-112566829,,,,false,false,false,false,false,false,100,2025-11-03 10:06:34.364688+00,2025-11-03 10:06:34.364688+00,,"{""activities"":[""diagnostic_screening"",""treatment_disease""]}","{""lottie_url"":""https://lottie.org/care-home/england/1-112566829/the-ridings-care-home/"",""cqc_profile"":""https://www.cqc.org.uk/location/1-112566829"",""carehome_url"":""https://www.carehome.co.uk/carehome.cfm/searchazref/20002501RIDA""}","{""services"":[""Care home service with nursing"",""Care home service without nursing"",""Rehabilitation services""]}","{""bands"":[""Dementia"",""Older people"",""Younger adults""]}",{},{},{},{},{},"{""main_partner"":""*"",""registered_manager"":""Marshall, Tracey"",""nominated_individual"":""Bracher, Rose""}",{},{},"{""paf_id"":""33998415"",""uprn_id"":""10090247775"",""ccg_code"":""E38000220"",""ccg_name"":""NHS Birmingham and Solihull CCG"",""nhs_region"":""Midlands"",""commissioning_ccg_code"":null,""commissioning_ccg_name"":null,""parliamentary_constituency"":""Birmingham Erdington""}","{""provider_city"":""Retford"",""address_line_2"":null,""street_address"":""Farnborough Road"",""provider_county"":""Nottinghamshire"",""provider_postcode"":""DN22 8QS"",""provider_address_line_2"":""Barnby Moor"",""provider_street_address"":""Ye Olde Bell Hotel""}",{},"{""inherited_rating"":false,""location_type_sector"":""Social Care Org"",""provider_type_sector"":""Social Care Org"",""inspection_directorate"":""Adult social care"",""provider_charity_number"":null,""provider_ownership_type"":""Organisation"",""primary_inspection_category"":""Residential social care"",""provider_companies_house_number"":""3445393"",""provider_inspection_directorate"":""Adult social care"",""provider_primary_inspection_category"":""Residential social care""}",{},1777711916,2010-10-01
14,1-112835025,VLVW8,Roxton Nursing Home,roxton,PK Healthcare Limited,1-101618815,-,1213542621,,www.roxton.biz,Sutton Coldfield,West Midlands,B72 1LY,52.5519450,-1.8272260,West Midlands,Birmingham,45,,false,,,,2011,false,true,true,,false,false,false,true,false,true,true,false,false,false,true,false,,false,false,false,false,,,,,true,true,true,true,Good,Good,Good,Requires Improvement,Requires Improvement,Good,2019-04-17,,http://www.cqc.org.uk/location/1-112835025,,,,false,false,false,false,false,false,100,2025-11-03 10:06:34.364688+00,2025-11-03 10:06:34.364688+00,,"{""activities"":[""treatment_disease""]}","{""lottie_url"":""https://lottie.org/care-home/england/1-112835025/roxton-nursing-home/"",""cqc_profile"":""https://www.cqc.org.uk/location/1-112835025"",""carehome_url"":""https://www.carehome.co.uk/carehome.cfm/searchazref/20002501ROXB""}","{""services"":[""Care home service with nursing""]}","{""bands"":[""Dementia"",""Older people"",""Younger adults""]}",{},{},{},{},{},"{""main_partner"":""*"",""registered_manager"":""Southall, Vicky"",""nominated_individual"":""Bisla, Sarjit""}",{},{},"{""paf_id"":null,""uprn_id"":""1.00071E+11"",""ccg_code"":""E38000220"",""ccg_name"":""NHS Birmingham and Solihull CCG"",""nhs_region"":""Midlands"",""commissioning_ccg_code"":null,""commissioning_ccg_name"":null,""parliamentary_constituency"":""Sutton Coldfield""}","{""provider_city"":""Sutton Coldfield"",""address_line_2"":null,""street_address"":""154 Birmingham Road"",""provider_county"":""West Midlands"",""provider_postcode"":""B72 1LY"",""provider_address_line_2"":null,""provider_street_address"":""154 Birmingham Road""}",{},"{""inherited_rating"":false,""location_type_sector"":""Social Care Org"",""provider_type_sector"":""Social Care Org"",""inspection_directorate"":""Adult social care"",""provider_charity_number"":null,""provider_ownership_type"":""Organisation"",""primary_inspection_category"":""Residential social care"",""provider_companies_house_number"":""5954718"",""provider_inspection_directorate"":""Adult social care"",""provider_primary_inspection_category"":""Residential social care""}",{},1213542621,2010-10-01
15,1-1128510414,VM4KC,Hampton Road,hampton road,Trident Reach The People Charity,1-131464550,-,1212265800,,www.reachthecharity.org.uk,Birmingham,West Midlands,B23 7JJ,52.5225700,-1.8603490,West Midlands,Birmingham,4,,false,,,,2014,true,false,false,,false,false,false,false,false,false,true,true,false,false,false,false,,false,false,false,false,,,,,true,true,true,true,Good,Good,Good,Good,Good,Good,2018-12-25,,http://www.cqc.org.uk/location/1-1128510414,,,,false,false,false,false,false,false,100,2025-11-03 10:06:34.364688+00,2025-11-03 10:06:34.364688+00,,"{""activities"":[]}","{""lottie_url"":""https://lottie.org/care-home/england/1-1128510414/hampton-road/"",""cqc_profile"":""https://www.cqc.org.uk/location/1-1128510414"",""carehome_url"":""https://www.carehome.co.uk/carehome.cfm/searchazref/10002501RESJ""}","{""services"":[""Care home service without nursing""]}","{""bands"":[""Mental health"",""Younger adults""]}",{},{},{},{},{},"{""main_partner"":""*"",""registered_manager"":""Friswell, Denise"",""nominated_individual"":""Litherland, Helen""}",{},{},"{""paf_id"":""28926802"",""uprn_id"":""1.00071E+11"",""ccg_code"":""E38000220"",""ccg_name"":""NHS Birmingham and Solihull CCG"",""nhs_region"":""Midlands"",""commissioning_ccg_code"":null,""commissioning_ccg_name"":null,""parliamentary_constituency"":""Birmingham Erdington""}","{""provider_city"":""Birmingham"",""address_line_2"":""Erdington"",""street_address"":""20 Hampton Road"",""provider_county"":null,""provider_postcode"":""B23 5TB"",""provider_address_line_2"":""Erdington"",""provider_street_address"":""Fairlie House, Trident Close""}",{},"{""inherited_rating"":false,""location_type_sector"":""Social Care Org"",""provider_type_sector"":""Social Care Org"",""inspection_directorate"":""Adult social care"",""provider_charity_number"":""1129187"",""provider_ownership_type"":""Organisation"",""primary_inspection_category"":""Residential social care"",""provider_companies_house_number"":""6761385"",""provider_inspection_directorate"":""Adult social care"",""provider_primary_inspection_category"":""Residential social care""}",{},1216634633,2011-01-24
16,1-112953271,VL91X,Tulip Gardens,tulip gardens,New Outlook Housing Association Limited,1-101653525,-,1214783505,,www.newoutlookha.org,Birmingham,West Midlands,B29 5BW,52.4298220,-1.9737770,West Midlands,Birmingham,8,,false,,,,2011,true,false,false,,false,false,false,false,false,true,true,false,true,true,false,false,,false,false,false,false,,,,,true,true,true,true,Requires Improvement,Requires Improvement,Good,Good,Good,Requires Improvement,2022-11-18,,http://www.cqc.org.uk/location/1-112953271,,,,false,false,false,false,false,false,100,2025-11-03 10:06:34.364688+00,2025-11-03 10:06:34.364688+00,,"{""activities"":[]}","{""lottie_url"":""https://lottie.org/care-home/england/1-112953271/tulip-gardens/"",""cqc_profile"":""https://www.cqc.org.uk/location/1-112953271"",""carehome_url"":""https://www.carehome.co.uk/carehome.cfm/searchazref/10002501OAKD""}","{""services"":[""Care home service without nursing""]}","{""bands"":[""Older people"",""Physical disability"",""Sensory impairment"",""Younger adults""]}",{},{},{},{},{},"{""main_partner"":""*"",""registered_manager"":""Kaur, Mandeep"",""nominated_individual"":""*""}",{},{},"{""paf_id"":null,""uprn_id"":""10033393773"",""ccg_code"":""E38000220"",""ccg_name"":""NHS Birmingham and Solihull CCG"",""nhs_region"":""Midlands"",""commissioning_ccg_code"":null,""commissioning_ccg_name"":null,""parliamentary_constituency"":""Birmingham Northfield""}","{""provider_city"":""Oldbury"",""address_line_2"":""Selly Oak"",""street_address"":""5 Court Farm Way"",""provider_county"":""West Midlands"",""provider_postcode"":""B68 0NP"",""provider_address_line_2"":""210-222 Hagley Road West"",""provider_street_address"":""Trigate Business Centre""}",{},"{""inherited_rating"":false,""location_type_sector"":""Social Care Org"",""provider_type_sector"":""Social Care Org"",""inspection_directorate"":""Adult social care"",""provider_charity_number"":null,""provider_ownership_type"":""Organisation"",""primary_inspection_category"":""Residential social care"",""provider_companies_house_number"":""IP21410R"",""provider_inspection_directorate"":""Adult social care"",""provider_primary_inspection_category"":""Residential social care""}",{},1214344644,2010-10-01
17,1-112953306,VL94H,Silver Birch,silver birch,New Outlook Housing Association Limited,1-101653525,-,1212502067,,www.newoutlookha.org,Birmingham,West Midlands,B24 0AR,52.5312070,-1.8289880,West Midlands,Birmingham,7,,false,,,,2011,true,false,false,,false,false,false,false,false,false,true,true,true,true,false,false,,false,false,false,false,,,,,true,true,true,true,Requires Improvement,Requires Improvement,Good,Good,Good,Requires Improvement,2022-03-03,,http://www.cqc.org.uk/location/1-112953306,,,,false,false,false,false,false,false,100,2025-11-03 10:06:34.364688+00,2025-11-03 10:06:34.364688+00,,"{""activities"":[]}","{""lottie_url"":""https://lottie.org/care-home/england/1-112953306/silver-birch/"",""cqc_profile"":""https://www.cqc.org.uk/location/1-112953306"",""carehome_url"":""https://www.carehome.co.uk/carehome.cfm/searchazref/10002501SILB""}","{""services"":[""Care home service without nursing""]}","{""bands"":[""Mental health"",""Physical disability"",""Sensory impairment"",""Younger adults""]}",{},{},{},{},{},"{""main_partner"":""*"",""registered_manager"":""Kaur, Mandeep"",""nominated_individual"":""*""}",{},{},"{""paf_id"":null,""uprn_id"":""1.00071E+11"",""ccg_code"":""E38000220"",""ccg_name"":""NHS Birmingham and Solihull CCG"",""nhs_region"":""Midlands"",""commissioning_ccg_code"":null,""commissioning_ccg_name"":null,""parliamentary_constituency"":""Birmingham Erdington""}","{""provider_city"":""Oldbury"",""address_line_2"":""Erdington"",""street_address"":""39 Silver Birch Road"",""provider_county"":""West Midlands"",""provider_postcode"":""B68 0NP"",""provider_address_line_2"":""210-222 Hagley Road West"",""provider_street_address"":""Trigate Business Centre""}",{},"{""inherited_rating"":false,""location_type_sector"":""Social Care Org"",""provider_type_sector"":""Social Care Org"",""inspection_directorate"":""Adult social care"",""provider_charity_number"":null,""provider_ownership_type"":""Organisation"",""primary_inspection_category"":""Residential social care"",""provider_companies_house_number"":""IP21410R"",""provider_inspection_directorate"":""Adult social care"",""provider_primary_inspection_category"":""Residential social care""}",{},1214344644,2010-10-01
18,1-112963886,VL8XP,Oakwood Care Home,oakwood,Unityone Ltd,1-101608841,-,1213738476,,www.oakwoodresthome.co.uk,Birmingham,West Midlands,B24 8QJ,52.5147810,-1.8472060,West Midlands,Birmingham,37,,false,,,,2011,true,false,true,,false,false,false,false,false,true,false,false,false,false,true,false,,false,false,false,false,,,,,true,true,true,true,Good,Good,Good,Good,Good,Requires Improvement,2023-03-28,,http://www.cqc.org.uk/location/1-112963886,,,,false,false,false,false,false,false,100,2025-11-03 10:06:34.364688+00,2025-11-03 10:06:34.364688+00,,"{""activities"":[]}","{""lottie_url"":""https://lottie.org/care-home/england/1-112963886/oakwood-care-home/"",""cqc_profile"":""https://www.cqc.org.uk/location/1-112963886"",""carehome_url"":""https://www.carehome.co.uk/carehome.cfm/searchazref/10002501ELIB""}","{""services"":[""Care home service without nursing""]}","{""bands"":[""Dementia"",""Older people""]}",{},{},{},{},{},"{""main_partner"":""*"",""registered_manager"":""James, Ashley"",""nominated_individual"":""Grewal, Harjeet""}",{},{},"{""paf_id"":null,""uprn_id"":""1.0007E+11"",""ccg_code"":""E38000220"",""ccg_name"":""NHS Birmingham and Solihull CCG"",""nhs_region"":""Midlands"",""commissioning_ccg_code"":null,""commissioning_ccg_name"":null,""parliamentary_constituency"":""Birmingham Erdington""}","{""provider_city"":""Birmingham"",""address_line_2"":""Erdington"",""street_address"":""78-82 Kingsbury Road"",""provider_county"":null,""provider_postcode"":""B24 8QJ"",""provider_address_line_2"":""Erdington"",""provider_street_address"":""78-84 Kingsbury Road""}",{},"{""inherited_rating"":false,""location_type_sector"":""Social Care Org"",""provider_type_sector"":""Social Care Org"",""inspection_directorate"":""Adult social care"",""provider_charity_number"":null,""provider_ownership_type"":""Organisation"",""primary_inspection_category"":""Residential social care"",""provider_companies_house_number"":""4396354"",""provider_inspection_directorate"":""Adult social care"",""provider_primary_inspection_category"":""Residential social care""}",{},1213738476,2010-10-01
19,1-113524621,VL90Q,Keo Lodge,keo lodge,Edge View Homes Limited,1-101606293,-,1214495589,,,Birmingham,West Midlands,B13 8DS,52.4526090,-1.8946650,West Midlands,Birmingham,11,,false,,,,2011,true,false,false,,false,false,false,false,false,false,false,true,false,false,false,false,,false,false,false,false,,,,,true,true,true,true,Good,Good,Good,Good,Good,Requires Improvement,2020-01-01,,http://www.cqc.org.uk/location/1-113524621,,,,false,false,false,false,false,false,100,2025-11-03 10:06:34.364688+00,2025-11-03 10:06:34.364688+00,,"{""activities"":[]}","{""lottie_url"":""https://lottie.org/care-home/england/1-113524621/keo-lodge/"",""cqc_profile"":""https://www.cqc.org.uk/location/1-113524621"",""carehome_url"":""https://www.carehome.co.uk/carehome.cfm/searchazref/10002501KEOA""}","{""services"":[""Care home service without nursing""]}","{""bands"":[""Mental health""]}",{},{},{},{},{},"{""main_partner"":""*"",""registered_manager"":""Young, Kirsty"",""nominated_individual"":""Heslop, Jane""}",{},{},"{""paf_id"":null,""uprn_id"":""1.0007E+11"",""ccg_code"":""E38000220"",""ccg_name"":""NHS Birmingham and Solihull CCG"",""nhs_region"":""Midlands"",""commissioning_ccg_code"":null,""commissioning_ccg_name"":null,""parliamentary_constituency"":""Birmingham Hall Green and Moseley""}","{""provider_city"":""Stourbridge"",""address_line_2"":""Moseley"",""street_address"":""72 Park Hill"",""provider_county"":""West Midlands"",""provider_postcode"":""DY7 6HT"",""provider_address_line_2"":""Comber Road, Kinver"",""provider_street_address"":""The Compa""}",{},"{""inherited_rating"":false,""location_type_sector"":""Social Care Org"",""provider_type_sector"":""Social Care Org"",""inspection_directorate"":""Adult social care"",""provider_charity_number"":null,""provider_ownership_type"":""Organisation"",""primary_inspection_category"":""Residential social care"",""provider_companies_house_number"":""3852350"",""provider_inspection_directorate"":""Adult social care"",""provider_primary_inspection_category"":""Residential social care""}",{},1384872804,2010-10-01
20,1-113533340,VLR69,Coney Green Residential Home,coney green,Kelso Care Consortium Limited,1-101610703,-,1214781076,,,Birmingham,West Midlands,B31 4DT,52.4012250,-1.9736320,West Midlands,Birmingham,9,,false,,,,2011,true,false,false,,false,false,false,false,false,false,false,true,false,false,false,false,,false,false,false,false,,,,,true,true,true,true,Good,Good,Good,Good,Good,Good,2021-08-26,,http://www.cqc.org.uk/location/1-113533340,,,,false,false,false,false,false,false,100,2025-11-03 10:06:34.364688+00,2025-11-03 10:06:34.364688+00,,"{""activities"":[]}","{""lottie_url"":""https://lottie.org/care-home/england/1-113533340/coney-green-residential-home/"",""cqc_profile"":""https://www.cqc.org.uk/location/1-113533340"",""carehome_url"":""https://www.carehome.co.uk/carehome.cfm/searchazref/10002501CONA""}","{""services"":[""Care home service without nursing""]}","{""bands"":[""Mental health""]}",{},{},{},{},{},"{""main_partner"":""*"",""registered_manager"":""Johnson, Nicola"",""nominated_individual"":""Johnson, Nicola""}",{},{},"{""paf_id"":null,""uprn_id"":""1.00071E+11"",""ccg_code"":""E38000220"",""ccg_name"":""NHS Birmingham and Solihull CCG"",""nhs_region"":""Midlands"",""commissioning_ccg_code"":null,""commissioning_ccg_name"":null,""parliamentary_constituency"":""Birmingham Northfield""}","{""provider_city"":""Birmingham"",""address_line_2"":""Northfield"",""street_address"":""18-20 Coneygreen Drive"",""provider_county"":""West Midlands"",""provider_postcode"":""B27 7AN"",""provider_address_line_2"":null,""provider_street_address"":""Suite 2, 380 Gospel Lane""}",{},"{""inherited_rating"":false,""location_type_sector"":""Social Care Org"",""provider_type_sector"":""Social Care Org"",""inspection_directorate"":""Adult social care"",""provider_charity_number"":null,""provider_ownership_type"":""Organisation"",""primary_inspection_category"":""Residential social care"",""provider_companies_house_number"":""3258003"",""provider_inspection_directorate"":""Adult social care"",""provider_primary_inspection_category"":""Residential social care""}",{},1216930182,2010-10-01
21,1-114103397,VL94W,Stratford Court,stratford court,Ashdale Care Homes Limited,1-101693334,-,1217783366,,,Birmingham,West Midlands,B28 0EU,52.4277710,,West Midlands,Birmingham,30,,false,,,,2010,true,false,false,,false,false,false,true,false,true,false,false,false,false,false,false,,false,false,false,false,,,,,true,true,true,true,Requires Improvement,Requires Improvement,Requires Improvement,Good,Good,Requires Improvement,2022-12-23,,http://www.cqc.org.uk/location/1-114103397,,,,false,false,false,false,false,false,50,2025-11-03 10:06:34.364688+00,2025-11-03 10:06:34.364688+00,,"{""activities"":[""treatment_disease""]}","{""lottie_url"":""https://lottie.org/care-home/england/1-114103397/stratford-court/"",""cqc_profile"":""https://www.cqc.org.uk/location/1-114103397"",""carehome_url"":""https://www.carehome.co.uk/carehome.cfm/searchazref/10002501STRB""}","{""services"":[""Care home service without nursing""]}","{""bands"":[""Older people""]}",{},{},{},{},{},"{""main_partner"":""*"",""registered_manager"":""Wilkins, Carole"",""nominated_individual"":""Wilkins, Carole""}",{},{},"{""paf_id"":null,""uprn_id"":""10033393010"",""ccg_code"":""E38000220"",""ccg_name"":""NHS Birmingham and Solihull CCG"",""nhs_region"":""Midlands"",""commissioning_ccg_code"":null,""commissioning_ccg_name"":null,""parliamentary_constituency"":""Birmingham Hall Green and Moseley""}","{""provider_city"":""Birmingham"",""address_line_2"":""Hall Green"",""street_address"":""35 Highfield Road"",""provider_county"":""West Midlands"",""provider_postcode"":""B28 0EU"",""provider_address_line_2"":""Hall Green"",""provider_street_address"":""33-35 Highfield Road""}",{},"{""inherited_rating"":false,""location_type_sector"":""Social Care Org"",""provider_type_sector"":""Social Care Org"",""inspection_directorate"":""Adult social care"",""provider_charity_number"":null,""provider_ownership_type"":""Organisation"",""primary_inspection_category"":""Residential social care"",""provider_companies_house_number"":""3410086"",""provider_inspection_directorate"":""Adult social care"",""provider_primary_inspection_category"":""Residential social care""}",{},1217783366,2010-10-01
22,1-114155375,VL90D,Homecroft Residential Home,homecroft,Homecroft (Four Oaks) Limited,1-101628527,-,1213086367,,www.homecroft-ltd.co.uk,Sutton Coldfield,West Midlands,B74 4BL,52.5918150,-1.8340370,West Midlands,Birmingham,23,,false,,,,2011,true,false,true,,false,false,false,true,false,true,false,false,false,false,true,false,,false,false,false,false,,,,,true,true,true,true,Good,Good,Good,Good,Good,Good,2022-01-21,,http://www.cqc.org.uk/location/1-114155375,,,,false,false,false,false,false,false,100,2025-11-03 10:06:34.364688+00,2025-11-03 10:06:34.364688+00,,"{""activities"":[""treatment_disease""]}","{""lottie_url"":""https://lottie.org/care-home/england/1-114155375/homecroft-residential-home/"",""cqc_profile"":""https://www.cqc.org.uk/location/1-114155375"",""carehome_url"":""https://www.carehome.co.uk/carehome.cfm/searchazref/10002501HOMA""}","{""services"":[""Care home service without nursing""]}","{""bands"":[""Dementia"",""Older people""]}",{},{},{},{},{},"{""main_partner"":""*"",""registered_manager"":""Meakin, Susan"",""nominated_individual"":""Murch, Nicholas""}",{},{},"{""paf_id"":null,""uprn_id"":""1.00071E+11"",""ccg_code"":""E38000220"",""ccg_name"":""NHS Birmingham and Solihull CCG"",""nhs_region"":""Midlands"",""commissioning_ccg_code"":null,""commissioning_ccg_name"":null,""parliamentary_constituency"":""Sutton Coldfield""}","{""provider_city"":""Sutton Coldfield"",""address_line_2"":null,""street_address"":""446 LIchfield Road"",""provider_county"":""West Midlands"",""provider_postcode"":""B73 6JA"",""provider_address_line_2"":""2 Somerville Road"",""provider_street_address"":""Wyndley Grange Nursing Home""}",{},"{""inherited_rating"":false,""location_type_sector"":""Social Care Org"",""provider_type_sector"":""Social Care Org"",""inspection_directorate"":""Adult social care"",""provider_charity_number"":null,""provider_ownership_type"":""Organisation"",""primary_inspection_category"":""Residential social care"",""provider_companies_house_number"":""4244387"",""provider_inspection_directorate"":""Adult social care"",""provider_primary_inspection_category"":""Residential social care""}",{},1213541619,2010-10-01
23,1-114155392,VLVD6,Wyndley Grange Nursing Home,wyndley grange,Homecroft (Four Oaks) Limited,1-101628527,-,1213541619,,www.homecroft-ltd.co.uk,Sutton Coldfield,West Midlands,B73 6JA,52.5584530,-1.8334840,West Midlands,Birmingham,64,,false,,,,2011,false,true,true,,false,false,false,true,false,true,true,false,false,false,true,false,,false,false,false,false,,,,,true,true,true,true,Good,Good,Good,Good,Good,Good,2018-01-12,,http://www.cqc.org.uk/location/1-114155392,,,,false,false,false,false,false,false,100,2025-11-03 10:06:34.364688+00,2025-11-03 10:06:34.364688+00,,"{""activities"":[""treatment_disease""]}","{""lottie_url"":""https://lottie.org/care-home/england/1-114155392/wyndley-grange-nursing-home/"",""cqc_profile"":""https://www.cqc.org.uk/location/1-114155392"",""carehome_url"":""https://www.carehome.co.uk/carehome.cfm/searchazref/20002501WYNA""}","{""services"":[""Care home service with nursing""]}","{""bands"":[""Dementia"",""Older people"",""Younger adults""]}",{},{},{},{},{},"{""main_partner"":""*"",""registered_manager"":""Murch, Nicholas"",""nominated_individual"":""Murch, Nicholas""}",{},{},"{""paf_id"":null,""uprn_id"":""1.00071E+11"",""ccg_code"":""E38000220"",""ccg_name"":""NHS Birmingham and Solihull CCG"",""nhs_region"":""Midlands"",""commissioning_ccg_code"":null,""commissioning_ccg_name"":null,""parliamentary_constituency"":""Sutton Coldfield""}","{""provider_city"":""Sutton Coldfield"",""address_line_2"":null,""street_address"":""2 Somerville Road"",""provider_county"":""West Midlands"",""provider_postcode"":""B73 6JA"",""provider_address_line_2"":""2 Somerville Road"",""provider_street_address"":""Wyndley Grange Nursing Home""}",{},"{""inherited_rating"":false,""location_type_sector"":""Social Care Org"",""provider_type_sector"":""Social Care Org"",""inspection_directorate"":""Adult social care"",""provider_charity_number"":null,""provider_ownership_type"":""Organisation"",""primary_inspection_category"":""Residential social care"",""provider_companies_house_number"":""4244387"",""provider_inspection_directorate"":""Adult social care"",""provider_primary_inspection_category"":""Residential social care""}",{},1213541619,2010-10-01
24,1-114314574,VL93X,Care Home for Special Needs,care home for special needs,Mrs Marcella Marie Higgins,1-101628581,-,1214558269,,,Birmingham,West Midlands,B16 0LR,52.4813610,-1.9453280,West Midlands,Birmingham,4,,false,,,,2011,true,false,true,,false,false,false,false,false,true,false,false,false,false,true,false,,false,false,false,false,,,,,true,true,true,true,Requires Improvement,Requires Improvement,Good,Good,Good,Requires Improvement,2025-06-17,,http://www.cqc.org.uk/location/1-114314574,,,,false,false,false,false,false,false,100,2025-11-03 10:06:34.364688+00,2025-11-03 10:06:34.364688+00,,"{""activities"":[]}","{""lottie_url"":""https://lottie.org/care-home/england/1-114314574/care-home-for-special-needs/"",""cqc_profile"":""https://www.cqc.org.uk/location/1-114314574"",""carehome_url"":null}","{""services"":[""Care home service without nursing""]}","{""bands"":[""Dementia"",""Older people""]}",{},{},{},{},{},"{""main_partner"":""*"",""registered_manager"":""*"",""nominated_individual"":""*""}",{},{},"{""paf_id"":null,""uprn_id"":""1.0007E+11"",""ccg_code"":""E38000250"",""ccg_name"":""NHS Black Country and West Birmingham CCG"",""nhs_region"":""Midlands"",""commissioning_ccg_code"":null,""commissioning_ccg_name"":null,""parliamentary_constituency"":""Birmingham Edgbaston""}","{""provider_city"":""Birmingham"",""address_line_2"":""Edgbaston"",""street_address"":""22 Hallewell Road"",""provider_county"":""West Midlands"",""provider_postcode"":""B16 0LR"",""provider_address_line_2"":""Edgbaston"",""provider_street_address"":""22 Hallewell Road""}",{},"{""inherited_rating"":false,""location_type_sector"":""Social Care Org"",""provider_type_sector"":""Social Care Org"",""inspection_directorate"":""Adult social care"",""provider_charity_number"":null,""provider_ownership_type"":""Individual"",""primary_inspection_category"":""Residential social care"",""provider_companies_house_number"":null,""provider_inspection_directorate"":""Adult social care"",""provider_primary_inspection_category"":""Residential social care""}",{},1214558269,2010-10-01
25,1-114658627,VL8WD,Barkat House Residential Home,barkat house,Barkat House,1-101628455,-,1214490584,,,Birmingham,West Midlands,B13 8EY,52.4449040,-1.8896720,West Midlands,Birmingham,27,,false,,,,2010,true,false,true,,false,false,false,false,false,true,true,true,false,false,true,false,,false,false,false,false,,,,,true,true,true,true,Good,Good,Good,Good,Good,Requires Improvement,2021-07-30,,http://www.cqc.org.uk/location/1-114658627,,,,false,false,false,false,false,false,100,2025-11-03 10:06:34.364688+00,2025-11-03 10:06:34.364688+00,,"{""activities"":[]}","{""lottie_url"":""https://lottie.org/care-home/england/1-114658627/barkat-house-residential-home/"",""cqc_profile"":""https://www.cqc.org.uk/location/1-114658627"",""carehome_url"":null}","{""services"":[""Care home service without nursing""]}","{""bands"":[""Dementia"",""Mental health"",""Older people"",""Younger adults""]}",{},{},{},{},{},"{""main_partner"":""Butt, Seemia"",""registered_manager"":""Fewtrell, Monica"",""nominated_individual"":""*""}",{},{},"{""paf_id"":null,""uprn_id"":""1.0007E+11"",""ccg_code"":""E38000220"",""ccg_name"":""NHS Birmingham and Solihull CCG"",""nhs_region"":""Midlands"",""commissioning_ccg_code"":null,""commissioning_ccg_name"":null,""parliamentary_constituency"":""Birmingham Hall Green and Moseley""}","{""provider_city"":""Birmingham"",""address_line_2"":""Moseley"",""street_address"":""254 Alcester Road"",""provider_county"":""West Midlands"",""provider_postcode"":""B13 8EY"",""provider_address_line_2"":""Moseley"",""provider_street_address"":""254 Alcester Road""}",{},"{""inherited_rating"":false,""location_type_sector"":""Social Care Org"",""provider_type_sector"":""Social Care Org"",""inspection_directorate"":""Adult social care"",""provider_charity_number"":null,""provider_ownership_type"":""Partnership"",""primary_inspection_category"":""Residential social care"",""provider_companies_house_number"":null,""provider_inspection_directorate"":""Adult social care"",""provider_primary_inspection_category"":""Residential social care""}",{},1214490584,2010-10-01
26,1-115853341,VL90H,Cotteridge House,cotteridge house,Mr Graham Walker & Mrs Lyn Walker,1-101708722,-,1216240506,,,Birmingham,West Midlands,B30 1AB,52.4148200,-1.9341480,West Midlands,Birmingham,11,,false,,,,2010,true,false,false,,false,false,false,false,false,true,false,false,false,false,false,false,,false,false,false,false,,,,,true,true,true,true,Requires Improvement,Requires Improvement,Requires Improvement,Good,Good,Requires Improvement,2023-01-18,,http://www.cqc.org.uk/location/1-115853341,,,,false,false,false,false,false,false,100,2025-11-03 10:06:34.364688+00,2025-11-03 10:06:34.364688+00,,"{""activities"":[]}","{""lottie_url"":""https://lottie.org/care-home/england/1-115853341/cotteridge-house/"",""cqc_profile"":""https://www.cqc.org.uk/location/1-115853341"",""carehome_url"":""https://www.carehome.co.uk/carehome.cfm/searchazref/10002501JAMA""}","{""services"":[""Care home service without nursing""]}","{""bands"":[""Older people""]}",{},{},{},{},{},"{""main_partner"":""Walker, Lyn"",""registered_manager"":""Walker, Lyn"",""nominated_individual"":""*""}",{},{},"{""paf_id"":null,""uprn_id"":""1.0007E+11"",""ccg_code"":""E38000220"",""ccg_name"":""NHS Birmingham and Solihull CCG"",""nhs_region"":""Midlands"",""commissioning_ccg_code"":null,""commissioning_ccg_name"":null,""parliamentary_constituency"":""Birmingham Selly Oak""}","{""provider_city"":""Birmingham"",""address_line_2"":""Kings Norton"",""street_address"":""31 Middleton Hall Road"",""provider_county"":""West Midlands"",""provider_postcode"":""B30 1AB"",""provider_address_line_2"":""Kings Norton"",""provider_street_address"":""31 Middleton Hall Road""}",{},"{""inherited_rating"":false,""location_type_sector"":""Social Care Org"",""provider_type_sector"":""Social Care Org"",""inspection_directorate"":""Adult social care"",""provider_charity_number"":null,""provider_ownership_type"":""Partnership"",""primary_inspection_category"":""Residential social care"",""provider_companies_house_number"":null,""provider_inspection_directorate"":""Adult social care"",""provider_primary_inspection_category"":""Residential social care""}",{},1216240506,2010-10-01
27,1-11597234926,VNKN1,Selly Wood House Nursing Home,selly wood house,Avatar SWH Limited,1-11463759369,-,1214723721,,www.avatarcaregroup.co.uk,Birmingham,West Midlands,B30 1TJ,52.4315460,-1.9425660,West Midlands,Birmingham,48,,false,,,,2021,false,true,true,,false,false,false,true,false,true,true,false,false,false,true,false,,false,false,false,false,,,,,true,true,true,true,Good,Good,Good,Good,Good,Good,2019-11-28,,http://www.cqc.org.uk/location/1-11597234926,,,,false,false,false,false,false,false,100,2025-11-03 10:06:34.364688+00,2025-11-03 10:06:34.364688+00,,"{""activities"":[""treatment_disease""]}","{""lottie_url"":""https://lottie.org/care-home/england/1-11597234926/selly-wood-house-nursing-home/"",""cqc_profile"":""https://www.cqc.org.uk/location/1-11597234926"",""carehome_url"":""https://www.carehome.co.uk/carehome.cfm/searchazref/20002501SELB""}","{""services"":[""Care home service with nursing""]}","{""bands"":[""Dementia"",""Older people"",""Younger adults""]}",{},{},{},{},{},"{""main_partner"":""*"",""registered_manager"":""Kizhakkeattamparamb Mohanan, Mukesh"",""nominated_individual"":""Da Silva Vieira, Liliana Andreia""}",{},{},"{""paf_id"":null,""uprn_id"":""1.00071E+11"",""ccg_code"":""E38000220"",""ccg_name"":""NHS Birmingham and Solihull CCG"",""nhs_region"":""Midlands"",""commissioning_ccg_code"":null,""commissioning_ccg_name"":null,""parliamentary_constituency"":""Birmingham Selly Oak""}","{""provider_city"":""Birmingham"",""address_line_2"":""Bournville"",""street_address"":""161 Selly Wood Road"",""provider_county"":null,""provider_postcode"":""B43 7SE"",""provider_address_line_2"":""Farm House Way"",""provider_street_address"":""Peak House""}",{},"{""inherited_rating"":true,""location_type_sector"":""Social Care Org"",""provider_type_sector"":""Social Care Org"",""inspection_directorate"":""Adult social care"",""provider_charity_number"":null,""provider_ownership_type"":""Organisation"",""primary_inspection_category"":""Residential social care"",""provider_companies_house_number"":""13391683"",""provider_inspection_directorate"":""Adult social care"",""provider_primary_inspection_category"":""Residential social care""}",{},7845643856,2021-12-01
28,1-11600679815,VNKYV,Highbury Nursing Home,highbury,Highbury Nursing Home Ltd,1-11504102088,-,1214424885,,www.highburynursinghome.co.uk,Birmingham,West Midlands,B13 8PX,52.4431720,,West Midlands,Birmingham,38,,false,,,,2021,false,true,true,,false,false,false,true,true,true,true,false,false,false,true,false,,false,false,false,false,,,,,true,true,true,true,Requires Improvement,Requires Improvement,Requires Improvement,Requires Improvement,Requires Improvement,Requires Improvement,2023-06-20,,http://www.cqc.org.uk/location/1-11600679815,,,,false,false,false,false,false,false,50,2025-11-03 10:06:34.364688+00,2025-11-03 10:06:34.364688+00,,"{""activities"":[""diagnostic_screening"",""treatment_disease""]}","{""lottie_url"":""https://lottie.org/care-home/england/1-11600679815/highbury-nursing-home/"",""cqc_profile"":""https://www.cqc.org.uk/location/1-11600679815"",""carehome_url"":""https://www.carehome.co.uk/carehome.cfm/searchazref/20002501HIGA""}","{""services"":[""Care home service with nursing""]}","{""bands"":[""Dementia"",""Older people"",""Younger adults""]}",{},{},{},{},{},"{""main_partner"":""*"",""registered_manager"":""Rego, Rowina"",""nominated_individual"":""Ajaib, Ramzan""}",{},{},"{""paf_id"":null,""uprn_id"":""1.0007E+11"",""ccg_code"":""E38000220"",""ccg_name"":""NHS Birmingham and Solihull CCG"",""nhs_region"":""Midlands"",""commissioning_ccg_code"":null,""commissioning_ccg_name"":null,""parliamentary_constituency"":""Birmingham Hall Green and Moseley""}","{""provider_city"":""Birmingham"",""address_line_2"":""Moseley"",""street_address"":""199-203 Alcester Road"",""provider_county"":null,""provider_postcode"":""B13 8PX"",""provider_address_line_2"":""Alcester Road"",""provider_street_address"":""Highbury Nursing Home, 199-203""}",{},"{""inherited_rating"":false,""location_type_sector"":""Social Care Org"",""provider_type_sector"":""Social Care Org"",""inspection_directorate"":""Adult social care"",""provider_charity_number"":null,""provider_ownership_type"":""Organisation"",""primary_inspection_category"":""Residential social care"",""provider_companies_house_number"":""13426562"",""provider_inspection_directorate"":""Adult social care"",""provider_primary_inspection_category"":""Residential social care""}",{},1214424885,2021-12-09
29,1-116439860,VL92H,Queen Alexandra College,queen alexandra college,Queen Alexandra College,1-101610658,-,1214285025,,www.qac.ac.uk,Birmingham,West Midlands,B17 9TG,52.4602420,-1.9654580,West Midlands,Birmingham,51,,false,,,,2011,true,false,false,,false,true,false,true,false,false,true,true,true,true,false,true,,false,false,false,false,,,,,true,true,true,true,Good,Good,Good,Good,Good,Good,2019-05-23,,http://www.cqc.org.uk/location/1-116439860,,,,false,false,false,false,false,false,100,2025-11-03 10:06:34.364688+00,2025-11-03 10:06:34.364688+00,,"{""activities"":[""personal_care"",""treatment_disease""]}","{""lottie_url"":""https://lottie.org/care-home/england/1-116439860/queen-alexandra-college/"",""cqc_profile"":""https://www.cqc.org.uk/location/1-116439860"",""carehome_url"":""https://www.carehome.co.uk/carehome.cfm/searchazref/10002501QUEA""}","{""services"":[""Care home service without nursing"",""Specialist college service"",""Supported living service""]}","{""bands"":[""Children (0-18 years)"",""Mental health"",""Physical disability"",""Sensory impairment"",""Younger adults""]}",{},{},{},{},{},"{""main_partner"":""*"",""registered_manager"":""Hamer, Alan"",""nominated_individual"":""Tierney, Kimberly""}",{},{},"{""paf_id"":null,""uprn_id"":""1.00071E+11"",""ccg_code"":""E38000220"",""ccg_name"":""NHS Birmingham and Solihull CCG"",""nhs_region"":""Midlands"",""commissioning_ccg_code"":null,""commissioning_ccg_name"":null,""parliamentary_constituency"":""Birmingham Edgbaston""}","{""provider_city"":""Birmingham"",""address_line_2"":null,""street_address"":""49 Court Oak Road"",""provider_county"":""West Midlands"",""provider_postcode"":""B17 9TG"",""provider_address_line_2"":null,""provider_street_address"":""49 Court Oak Road""}",{},"{""inherited_rating"":false,""location_type_sector"":""Social Care Org"",""provider_type_sector"":""Social Care Org"",""inspection_directorate"":""Adult social care"",""provider_charity_number"":""1065794"",""provider_ownership_type"":""Organisation"",""primary_inspection_category"":""Residential social care"",""provider_companies_house_number"":""3387540"",""provider_inspection_directorate"":""Adult social care"",""provider_primary_inspection_category"":""Residential social care""}",{},1214285050,2010-10-01
30,1-116640703,VM4D7,Bournville Grange Limited,bournville grange,Bournville Grange Limited,1-101618293,-,1214722213,,,Birmingham,West Midlands,B30 1TX,52.4305920,-1.9399930,West Midlands,Birmingham,28,,false,,,,2011,true,false,false,,false,false,false,false,false,true,false,false,false,false,false,false,,false,false,false,false,,,,,true,true,true,true,Good,Good,Good,Good,Good,Requires Improvement,2019-04-03,,http://www.cqc.org.uk/location/1-116640703,,,,false,false,false,false,false,false,100,2025-11-03 10:06:34.364688+00,2025-11-03 10:06:34.364688+00,,"{""activities"":[]}","{""lottie_url"":""https://lottie.org/care-home/england/1-116640703/bournville-grange-limited/"",""cqc_profile"":""https://www.cqc.org.uk/location/1-116640703"",""carehome_url"":null}","{""services"":[""Care home service without nursing""]}","{""bands"":[""Older people""]}",{},{},{},{},{},"{""main_partner"":""*"",""registered_manager"":""Woods, Michelle"",""nominated_individual"":""Barwell, Adam""}",{},{},"{""paf_id"":null,""uprn_id"":""1.00071E+11"",""ccg_code"":""E38000220"",""ccg_name"":""NHS Birmingham and Solihull CCG"",""nhs_region"":""Midlands"",""commissioning_ccg_code"":null,""commissioning_ccg_name"":null,""parliamentary_constituency"":""Birmingham Selly Oak""}","{""provider_city"":""Birmingham"",""address_line_2"":""Bournville"",""street_address"":""168 Oak Tree Lane"",""provider_county"":""West Midlands"",""provider_postcode"":""B30 1TX"",""provider_address_line_2"":""Bournville"",""provider_street_address"":""168 Oak Tree Lane""}",{},"{""inherited_rating"":false,""location_type_sector"":""Social Care Org"",""provider_type_sector"":""Social Care Org"",""inspection_directorate"":""Adult social care"",""provider_charity_number"":null,""provider_ownership_type"":""Organisation"",""primary_inspection_category"":""Residential social care"",""provider_companies_house_number"":""4668610"",""provider_inspection_directorate"":""Adult social care"",""provider_primary_inspection_category"":""Residential social care""}",{},1214722213,2010-10-01
